Attribute,Description,Valid Values,DependsOn,Properties,Required,Parent,DependsOn Component,Source,Validation Rules,columnType,module,UpdatedModule
analysisType,Type of analysis,"ANOVA, assessment, batch effect correction, chromatin accessible quantitative trait loci detection, Clustering, comparison, Copy number estimation, correlation, covariate specification, data mining, data normalization, de-novo assembly, differential expression, differential methylation, differential network analysis, DNA methylation imputation, dose response study, Enrichment analysis, EWAS, expression quantitative trait loci detection, Gene expression comparison, Genome-Wide Association, genome-wide pleiotropy, genotypeAncestry, genotype imputation, hidden confounder detection, manifold learning, Mendelian randomization analysis, methylation quantitative trait loci detection, network analysis, network driver detection, outlier detection, peak calling, Polygenic Risk Scores, principal component analysis, protein quantitative trait loci detection, purity, quality control, search engine output files, Sequence alignment, somatic mutation calling, statistical network reconstruction, structural variation detection, Supervised Machine Learning, transcript quantification, variancePartition, Variant calling, visualization",,,FALSE,DataProperty,,sage.annotations-analysis.analysisType-0.0.14,,string,analysis,analysis
referenceSet,"A set of references (e.g., canonical assembled contigs) which defines a common coordinate space for comparing reference-aligned experimental data.","1000 Genomes phase 3, dmel_r6.06, GRCh38, GRCh37, GRCm38, MMUL1.0, HRC",,,FALSE,DataProperty,,sage.annotations-curatedData.referenceSet-0.0.5,,string,curatedData,analysis
arrayBatch,The hybridization batch the sample was in,,,,FALSE,DataProperty,,sage.annotations-batch.arrayBatch-0.0.2,,string,batch,batch
batch,Batch specimen was processed in,,,,FALSE,DataProperty,,sage.annotations-batch.batch-0.0.2,,string,batch,batch
batchChannel,TMT channel the sample is labeled with,,,,FALSE,DataProperty,,sage.annotations-batch.batchChannel-0.0.2,,string,batch,batch
batchSize,Size of batch,,,,FALSE,DataProperty,,sage.annotations-experimentalData.batchSize-0.0.2,,number,experimentalData,batch
dnaBatch,DNA isolation batch,,,,FALSE,DataProperty,,sage.annotations-batch.dnaBatch-0.0.2,,string,batch,batch
libraryBatch,Batch library was prepared in,,,,FALSE,DataProperty,,sage.annotations-batch.libraryBatch-0.0.2,,string,batch,batch
nanostringBatch,The batch of samples run on a nanostring panel. Twelve samples can be processed together at once on a machine.,,,,FALSE,DataProperty,,sage.annotations-batch.nanostringBatch-0.0.2,,string,batch,batch
rnaBatch,Batch in which RNA sample was isolated,,,,FALSE,DataProperty,,sage.annotations-batch.rnaBatch-0.0.2,,string,batch,batch
sequencingBatch,Batch library was sequenced in,,,,FALSE,DataProperty,,sage.annotations-batch.sequencingBatch-0.0.2,,string,batch,batch
transposaseBatch,Transposition reaction batch,,,,FALSE,DataProperty,,sage.annotations-batch.transposaseBatch-0.0.2,,string,batch,batch
BrodmannArea,A segmentation of the cerebral cortex on the basis of cytoarchitecture,,,,FALSE,DataProperty,,sage.annotations-neuro.BrodmannArea-0.0.2,,string,neuro,biospecimen
cellType,A cell type is a distinct morphological or functional form of cell.,"A549, arachnoid, astrocytes, B-lymphocytes, CD138+, CD8+ T-Cells, CNON, dopaminergic neurons, Embryonic stem cells, epithelial, epithelial-like, fibroblast, GABAergic neurons, glia, GLUtamatergic neurons, immune cell, iPSC, iPSC-derived astrocytes, iPSC-derived glia, iPSC-derived neuron, iPSC-derived neuronal progenitor cell, iPSC-derived telencephalic organoids, lymphoblast, lymphoblastoid cell line, macrophages, meningioma, microglia, monocytes, monocyte-derived microglia, NCX NES, NeuN-, NeuN+, neural progenitor cell, neuron, oligodendrocyte, peripheral blood mononuclear cell, polygonal, round, schwann, Schwann cell precusor, schwannoma, SH-SY5Y",,,FALSE,DataProperty,,sage.annotations-experimentalData.cellType-0.0.9,,string,experimentalData,biospecimen
differentiationMethod,The general strategy by which a reprogrammed or pluripotent cell is differentiated into a target cell.,"directed differentiation, Ngn2 induction",,,FALSE,DataProperty,,sage.annotations-experimentalData.differentiationMethod-0.0.2,,string,experimentalData,biospecimen
fastingState,Was individual fasting when sample was taken (true/false)?,"TRUE, FALSE",,,FALSE,DataProperty,,sage.annotations-experimentalData.fastingState-0.0.2,,boolean,experimentalData,biospecimen
isPostMortem,Was the sample taken after death (true/false),"TRUE, FALSE",,,FALSE,DataProperty,,sage.annotations-experimentalData.isPostMortem-0.0.2,,boolean,experimentalData,biospecimen
nucleicAcidSource,,"bulk cell, single cell, bulk nuclei, single nucleus, mitochondria, sorted cells, sorted nuclei, cfDNA",,,FALSE,DataProperty,,sage.annotations-ngs.nucleicAcidSource-0.0.3,,string,ngs,biospecimen
organ,A unique macroscopic (gross) anatomic structure that performs specific functions. It is composed of various tissues. An organ is part of an anatomic system or a body region.,"blood, bone marrow, brain, breast, Bursa Of Fabricius, cerebrospinal fluid, colon, kidney, large intestine, liver, lung, lymph node, mammary gland, nerves, nose, ovary, pancreas, prostate, skin, spleen",,,TRUE,DataProperty,,sage.annotations-experimentalData.organ-0.0.4,,string,experimentalData,biospecimen
passage,Number of times a cell culture has been subcultured,,,,FALSE,DataProperty,,sage.annotations-experimentalData.passage-0.0.2,,integer,experimentalData,biospecimen
reprogrammingMethod,The method by which source cells were reprogrammed into pluripotent stem cells.,"CytoTune iPS 2.0 Sendai Reprogramming Kit, episomal vectors, Sendai virus",,,FALSE,DataProperty,,sage.annotations-experimentalData.reprogrammingMethod-0.0.2,,string,experimentalData,biospecimen
sampleStatus,Conditions under which sample is kept,"formalin-fixed, fresh, frozen, paxgene",,,FALSE,DataProperty,,sage.annotations-experimentalData.sampleStatus-0.0.2,,string,experimentalData,biospecimen
samplingAge,Age of the individual when the sample was taken,,,,FALSE,DataProperty,,sage.annotations-experimentalData.samplingAge-0.0.2,,number,experimentalData,biospecimen
samplingAgeUnits,Age at sampling units.,"days, gestational weeks, months, PCW, weeks, years",,,FALSE,DataProperty,,sage.annotations-experimentalData.samplingAgeUnits-0.0.2,,string,experimentalData,biospecimen
sourceCell,"Initial cell type the target cell was derived from, before reprogramming or differentiation.","astrocytes, B-lymphocytes, cord blood stem cells, embryonic stem cells, fibroblast, iPSC, lymphoblast, peripheral blood mononuclear cell",,,FALSE,DataProperty,,sage.annotations-experimentalData.sourceCell-0.0.3,,string,experimentalData,biospecimen
specimenID,Identifying string linked to a particular sample or specimen,,,,TRUE,DataProperty,,sage.annotations-experimentalData.specimenID-0.0.2,,string,experimentalData,biospecimen
specimenIdSource,"The repository or database to which a specimenID maps; or, the group or lab that generated the specimen. For cell culture studies, the commercial source or lab that generated the cells.",,,,FALSE,DataProperty,,sage.annotations-experimentalData.specimenIdSource-0.0.3,,string,experimentalData,biospecimen
terminalDifferentiationPoint,The terminal differentiation point (TD) of a cell in days.,,,,FALSE,DataProperty,,sage.annotations-experimentalData.terminalDifferentiationPoint-0.0.2,,string,experimentalData,biospecimen
tissue,A tissue is a mereologically maximal collection of cells that together perform physiological function.,"amygdala, amygdaloid complex, anterior cingulate cortex, angular gyrus, blood, bone marrow, Buccal Mucosa, Buffy Coat, caudate nucleus, cecum derived fecal material, cerebellar cortex, cerebellum, cerebral cortex, cortical plate, dorsal anterior cingulate cortex, dorsal pallium, Dorsal Root Ganglion, dorsolateral prefrontal cortex, dorsomedial prefrontal cortex, embryonic tissue, entorhinal cortex, fecal material, forebrain, frontal cortex, frontal lobe, frontal pole, fusiform gyrus, hippocampus, head of caudate nucleus, inferior frontal gyrus, inferior temporal cortex, inferior temporal gyrus, inferolateral temporal cortex, insula, insular cortex, left cerebral hemisphere, liver, mammillary body, medial dorsal nucleus of thalamus, medial frontal cortex, medial ganglionic eminence, medial orbital frontal cortex, medial prefrontal cortex, meninges, midbrain, middle frontal gyrus, middle temporal gyrus, nerve tissue, Not Applicable, nucleus accumbens, occipital lobe, occipital visual cortex, olfactory neuroepithelium, orbitofrontal cortex, parahippocampal gyrus, parietal cortex, parietal lobe, plasma, posterior cingulate cortex, posteroinferior parietal cortex, posterior inferior parietal cortex, posterior superior temporal cortex, precentral gyrus, prefrontal cortex, primary auditory cortex, primary motor cortex, primary somatosensory cortex, primary tumor, primary visual cortex, putamen, right cerebral hemisphere, serum, splenocyte, striatum, subgenual anterior cingulate cortex, subgenual cingulate cortex, superior parietal lobe, superior temporal gyrus, temporal cortex, temporal lobe, temporal pole, thalamus, unspecified, ventricular zone, ventrolateral prefrontal cortex, VZ/SVZ, whole brain",,,TRUE,DataProperty,,sage.annotations-experimentalData.tissue-0.0.11,,string,experimentalData,biospecimen
tissueWeight,Mass of tissue specimen in mg,,,,FALSE,DataProperty,,sage.annotations-experimentalData.tissueWeight-0.0.2,,number,experimentalData,biospecimen
visitNumber,"For clinical trials or longitudinal studies, the visit number when the sample was collected",,,,FALSE,DataProperty,,sage.annotations-experimentalData.visitNumber-0.0.2,,number,experimentalData,biospecimen
apoeGenotype,Apolipoprotein E genotype,"22, 23, 24, 33, 34, 44",,,FALSE,DataProperty,,sage.annotations-clinical.apoeGenotype-0.0.2,,string,clinical,clinical
Braak,Braak Stage - a semiquantitative measure of serverity of neurofibrillary tangle pathology,,,,FALSE,DataProperty,,sage.annotations-clinical.Braak-0.0.2,,integer,clinical,clinical
brainWeight,Weight of brain in grams,,,,FALSE,DataProperty,,sage.annotations-experimentalData.brainWeight-0.0.2,,number,experimentalData,clinical
causeDeath,The specific injury or disease that lead to death,,,,FALSE,DataProperty,,sage.annotations-clinical.causeDeath-0.0.2,,string,clinical,clinical
CERAD,A semiquantitative measure of neuritic plaques,,,,FALSE,DataProperty,,sage.annotations-clinical.CERAD-0.0.2,,integer,clinical,clinical
diagnosis,A diagnosis is the result of a medical investigation to identify a disorder from its signs and symptoms.,"AD-DS, Affective Disorder, Alzheimer Disease, Alzheimer disease with psychosis, amyotrophic lateral sclerosis, anxiety, Autism Spectrum Disorder, Bipolar Disorder, Bladder Cancer, Brain Cancer, Breast Cancer, Cervical Cancer, Colon Cancer, control, corticobasal degeneration disorder, CS-DS, dementia, dystonia, essential tremor, Fibrocystic Breast Disease, frontotemporal dementia, gliosis, hypoxia, Juvenile Myelomonocytic Leukemia, Leukemia, Lewy body disease, Lung Cancer, Major Depressive Disorder, MCI-DS, mild cognitive impairment, multiple system atrophy, Neurofibromatosis 1, Neurofibromatosis 2, no cognitive impairment, Not Applicable, obesity, obsessive compulsive disorder, Ovary Cancer, Pancreatic Cancer, Parkinson's disease, pathological aging, progressive supranuclear palsy, Prostate Cancer, Schizophrenia, Skin Cancer, Substance Related Disorder, Tourette Syndrome, traumatic brain injury, type 2 diabetes mellitus, vascular dementia, Williams Syndrome",,,FALSE,DataProperty,,sage.annotations-experimentalData.diagnosis-0.0.12,,string,experimentalData,clinical
diagnosisCriteria,"If a diagnosis is provided, the criteria it is based on",,,,FALSE,DataProperty,,sage.annotations-experimentalData.diagnosisCriteria-0.0.2,,string,experimentalData,clinical
mannerDeath,The determination of how the injury or disease lead to death,"accident, homicide, natural causes, suicide, undetermined",,,FALSE,DataProperty,,sage.annotations-clinical.mannerDeath-0.0.2,,string,clinical,clinical
pH,A scale used to specify the acidity or basicity of an aqueous or other liquid solution,,,,FALSE,DataProperty,,sage.annotations-neuro.pH-0.0.3,,string,neuro,clinical
PMI,Post-mortem interval,,,,FALSE,DataProperty,,sage.annotations-neuro.PMI-0.0.3,,string,neuro,clinical
ageDeath,Age of death,,,,FALSE,DataProperty,,sage.annotations-demographics.ageDeath-0.0.2,,number,demographics,demographics
ageDeathUnits,The death age unit of measure,"days, gestational weeks, months, PCW, weeks, years",,,FALSE,DataProperty,,sage.annotations-demographics.ageDeathUnits-0.0.4,,string,demographics,demographics
assayTarget,,"ARID1B, ARID3A, ARNT, ASCL1, ASH1L, ASH2L, ATF7, BCL11A, BHLHE40, BHLHE41, BMI1, BRCA1, BRD4, CC2D1A, CHD4, CLOCK, CREB1, CREM, CTCF, DEAF1, DPF2, EED, EGR1, EHMT2, E2F1, EWSR1, EZH2, FOXK2, FOXP1, GABPB1, GATA4, GATAD2A, GATAD2B, GMEB1, H3K27ac, H3K27me3, H3K36me3, H3K4me1, H3K4me3, H3K9ac, H3K9me2, H3K9me3, HCFC1, HNRNPK, IE_V1-V3, IgG, input, KAT2B, KDM4A, KLF16, KLF5, LaminB, MAZ, MEF2A, MEIS2, MITF, NCOA2, NCOR1, NEUROD1, NFIB, NFIC, NONO, NR2F1, NRF1, NR2F2, NR3C1, OLIG2, PKNOX1, Pol2, R-loops, RAD21, RB1, RELB, REST, SATB2, SIN3A, SIN3B, SIRT1, SIX4, SKIL, SMARCA5, SMC3, SON, SOX8, SP1, SP4, SRF, SREBP2, TAF1, TBR1, TCF12, TCF7L2, TDP43, TRIM28, YBX1, YBX3, YY1, ZBTB7B, ZEB1, ZEB2, ZFP91, ZHX1, ZKSCAN1, ZNF143, ZNF207, ZNF24, ZNF318, ZNF384, ZNF407, ZNF592, ZSCAN29",,,FALSE,DataProperty,,sage.annotations-experimentalData.assayTarget-0.0.6,,string,experimentalData,demographics
ethnicity,Ethnicity of the donor,,,,FALSE,DataProperty,,sage.annotations-demographics.ethnicity-0.0.2,,string,demographics,demographics
race,Race,"American Indian or Alaska Native, Asian, Black or African American, Native Hawaiian or Other Pacific Islander, White",,,FALSE,DataProperty,,sage.annotations-demographics.race-0.0.2,,string,demographics,demographics
sex,"Sex assigned at birth, or by sequencing","male, female",,,TRUE,DataProperty,,sage.annotations-experimentalData.sex-0.0.2,,string,experimentalData,demographics
sexChromosome,"Sex identified by SNP genotype (e.g XX, XY)",,,,FALSE,DataProperty,,sage.annotations-clinical.sexChromosome-0.0.2,,string,clinical,demographics
yearsEducation,Years of education starting with kindergarten,,,,FALSE,DataProperty,,sage.annotations-demographics.yearsEducation-0.0.2,,number,demographics,demographics
ageDays,Average age in days of the Drosophila individuals in the sample,,,,FALSE,DataProperty,,sage.annotations-demographics.ageDays-0.0.2,,number,demographics,drosophila
bodyPart,Named areas of the body.,"brain, head",,,FALSE,DataProperty,,sage.annotations-experimentalData.bodyPart-0.0.3,,string,experimentalData,drosophila
nFemale,Number of female individuals in a pooled Drosophila sample,,,,FALSE,DataProperty,,sage.annotations-experimentalData.nFemale-0.0.2,,integer,experimentalData,drosophila
nIndividuals,Number of individuals in a pooled Drosophila sample,,,,FALSE,DataProperty,,sage.annotations-experimentalData.nIndividuals-0.0.2,,integer,experimentalData,drosophila
nMale,Number of male individuals in a pooled Drosophila sample,,,,FALSE,DataProperty,,sage.annotations-experimentalData.nMale-0.0.2,,integer,experimentalData,drosophila
temperature,Temperature in Celsius (C) relevant to specimen or experimental condition,,,,FALSE,DataProperty,,sage.annotations-experimentalData.temperature-0.0.2,,number,experimentalData,drosophila
ageAssessment,Age of clinical or behavioral assessment.,,,,FALSE,DataProperty,,sage.annotations-experimentalData.ageAssessment-0.0.2,,number,experimentalData,experimentalData
ageAssessmentUnits,Age of assessment units.,"days, gestational weeks, months, PCW, weeks, years",,,FALSE,DataProperty,,sage.annotations-experimentalData.ageAssessmentUnits-0.0.2,,string,experimentalData,experimentalData
assay,The technology used to generate the data in this file,"10x multiome, 16SrRNAseq, active avoidance learning behavior, anxiety-related behavior, ATACSeq, atomicForceMicroscopy, autoradiography, Baker Lipidomics, Biocrates Bile Acids, Biocrates p180, Biocrates Q500, bisulfiteSeq, Blood Chemistry Measurement, brightfieldMicroscopy, cellViabilityAssay, ChIPSeq, CITESeq, contextual conditioning behavior, CUT&Tag, DIA, DNA optical mapping, electrochemiluminescence, elevated plus maze test, elevated T maze apparatus method, ELISA, errBisulfiteSeq, exomeSeq, FIA-MSMS, FitBark, frailty assessment, Genotyping, HI-C, HiChIPseq, high content screen, HPLC, HPLC-MSMS, Immunocytochemistry, immunofluorescence, immunohistochemistry, in vivo bioluminescence, ISOSeq, jumpingLibrary, kinesthetic behavior, label free mass spectrometry, Laser Speckle Imaging, LC-MS, LC-MSMS, LC-SRM, lentiMPRA, LFP, liquid chromatography-electrochemical detection, lncrnaSeq, locomotor activation behavior, long-read rnaSeq, LTP, MDMS-SL, memory behavior, Metabolon, methylationArray, MIB/MS, microRNAcounts, mirnaArray, mirnaSeq, MRI, mRNAcounts, MudPIT, m6A-rnaSeq, nextGenerationTargetedSequencing, Nightingale NMR, NOMe-Seq, novelty response behavior, open field test, oxBS-Seq, pharmacodynamics, pharmacokinetics, photograph, polymeraseChainReaction, Positron Emission Tomography, proximity extension assay, questionnaire, Rader Lipidomics, Real Time PCR, Ribo-Seq, rotarod performance test, rnaArray, rnaSeq, RPPA, sandwich ELISA, Sanger sequencing, scale, scATACSeq, scCGIseq, scirnaSeq, scrnaSeq, scwholeGenomeSeq, SiMoA, snpArray, snATACSeq, snrnaSeq, spontaneous alternation, STARRSeq, TMT quantitation, tractionForceMicroscopy, UPLC-MSMS, UPLC-ESI-QTOF-MS, UC Davis GCTOF, UCSD Untargeted Metabolomics, Vernier Caliper, von Frey test, westernBlot, wheel running, whole-cell patch clamp, wholeGenomeSeq, Wishart Catecholamines, Wishart High Value Metabolites, Zeno Electronic Walkway",,,TRUE,DataProperty,,sage.annotations-experimentalData.assay-0.0.26,,string,experimentalData,experimentalData
controlType,Control samples suitable for normalization and batch correction,"AIBL pool, Baker pool, blank injection, GIS, GoldenWest, NIST SRM 1950, qc mix, Replicate, study pool, water plus Baker ISTD",,,FALSE,DataProperty,,sage.annotations-experimentalData.controlType-0.0.5,,string,experimentalData,experimentalData
dataSubtype,"Further qualification of DataType, which may be used to indicate the state of processing of the data, aggregation of the data, or presence of metadata.","dataMatrix, metadata, normalized, processed, raw, residualized",,,FALSE,DataProperty,,sage.annotations-experimentalData.dataSubtype-0.0.3,,string,experimentalData,experimentalData
DataType,Types of input/output data in bioinformatics pipelines,"Volume, Weight, Pharmacokinetic Study, genomicVariants, behavior process, metabolomics, image, geneExpression, isoformExpression, proteomics, kinomics, drugScreen, drugCombinationScreen, cellularPhysiology, chromatinActivity, surveyData, network, clinical, immunoassay, electrophysiology, metagenomics, epigenetics, pharmacology",,,FALSE,DataProperty,,sage.annotations-experimentalData.DataType-0.0.3,,string,experimentalData,experimentalData
ligand,"An ion, molecule or molecular group that binds to a substance to form a larger complex.",,,,FALSE,DataProperty,,sage.annotations-experimentalData.ligand-0.0.2,,string,experimentalData,experimentalData
lotNumber,A distinctive alpha-numeric identification code assigned by the manufacturer or distributor to a specific quantity of manufactured material or product within a batch,,,,FALSE,DataProperty,,sage.annotations-immunoAssays.lotNumber-0.0.2,,string,immunoAssays,experimentalData
modelSystemType,Type of model system.,"animal, cerebral organoid, immortalized cell line, iPSC, organoid, primary cell culture",,,FALSE,DataProperty,,sage.annotations-experimentalData.modelSystemType-0.0.2,,string,experimentalData,experimentalData
platform,"The specific version (manufacturer, model, etc.) of a technology that is used to carry out a laboratory or computational experiment.","Affy5.0, Affy6.0, Affymetrix Human Gene 1.0 ST Array, AffymetrixU133AB, AffymetrixU133Plus2, Agilent44Karray, BGISEQ-500, Biocrates p180, Biograph mCT, Bionano Irys, Bruker Avance III, confocalImaging, ddSEQ Single-Cell Isolator, DNBSEQ, GAIIx, HiSeq1000, HiSeq2000, HiSeq2500, HiSeq3000, HiSeq4000, HiSeqX, Illumina_1M, Illumina_h650, Illumina_HumanOmni1-Quadv1.0, llumina Infinium General Screening Array 24-Kit v3.0, Illumina MouseWG-6 v2.0 expression beadchip, Illumina_Omni2.5-8, Illumina_Omni2.5-8_v1.1, Illumina_Omni2.5-8_v1.3, Illumina_Omni2pt5M, Illumina_Omni5M, Illumina_Omni5-Quad, IlluminaHumanHap300, IlluminaHumanHap650Yv3_A, IlluminaHumanHT-12_V3_0_R1, IlluminaHumanMethylation450, IlluminaMethylationEPIC, IlluminaInfiniumGSAMD-24v2-0, Illumina_Infinium-HumanMethylation450-BeadChip, IlluminaMiSeq, Illumina NovaSeq 6000, IlluminaNovaseq6000, IlluminaWholeGenomeDASL, Infinium Global Diversity Array-8, Infinium HumanOmniExpressExome, Infinium Omni2.5Exome-8 v1.1, Infinium Omni2.5Exome-8 v1.3, Infinium Omni2.5Exome-8 v1.4, Infinium Omni2.5Exome-8 v1.5, InfiniumPsychArrayBeadChip, Leco Pegasus IV, LTQOrbitrapXL, MiSeq, NanostringnCounter, NanostringnCounter_MouseADPanel, NextSeq500, NextSeq2000, Olink Target 96, orbitrap, OrbiTrap Fusion, Orbitrap Fusion Lumos, PacBioRSII, PacBio Sequel II, PacBio Sequel IIe, Perlegen300Karray, PsychChip, Q Exactive, Q Exactive HF, Q Exactive HF-X, Q Exactive Plus, quadrupole time-of-flight, Roche Cobas, SequenomMultiplex, Signa Premier AIR 3T, Simoa HD-1 Analyzer, time-of-flight, triple quadrupole, Xevo G2 QTOF, Xevo TQ-S",,,TRUE,DataProperty,,sage.annotations-experimentalData.platform-0.0.26,,string,experimentalData,experimentalData
platformLocation,Laboratory where data generation platform was located,,,,FALSE,DataProperty,,sage.annotations-experimentalData.platformLocation-0.0.2,,string,experimentalData,experimentalData
SentrixID,BeadChip ID in Illumina array-based assay,,,,FALSE,DataProperty,,sage.annotations-experimentalData.SentrixID-0.0.2,,string,experimentalData,experimentalData
SentrixRowColumn,Position of sample on BeadChip in Illumina array-based assay,,,,FALSE,DataProperty,,sage.annotations-experimentalData.SentrixRowColumn-0.0.2,,string,experimentalData,experimentalData
treatmentDose,"Dose of treatment used, including units and timeframe",,,,FALSE,DataProperty,,sage.annotations-neuro.treatmentDose-0.0.2,,string,neuro,experimentalData
treatmentType,,"haloperidol, levetiracetam, placebo, clozapine, control, cuprizone, Abeta42 oligomer, Abeta42 fibril, verubecestat",,,FALSE,DataProperty,,sage.annotations-neuro.treatmentType-0.0.5,,string,neuro,experimentalData
vendor,Commercial or institutional source of a component used in an assay,,,,FALSE,DataProperty,,sage.annotations-immunoAssays.vendor-0.0.2,,string,immunoAssays,experimentalData
consortium,The name of the consortium,"CMC, PEC, AMP-AD, MODEL-AD, M2OVE-AD, Resilience-AD, BSMN, CSBC, PSON, GENIE, Synodos, DHART SPORE, CDCP, Psych-AD, ELITE, Not Applicable",,,TRUE,DataProperty,,sage.annotations-sageCommunity.consortium-0.0.5,,string,sageCommunity,ADKP
fileFormat,"Defined format of the data file, typically corresponding to extension, but sometimes indicating more general group of files produced by the same tool or software","7z, ab1, abf, avi, bai, bam, bash script, bcf, bed, bed broadPeak, bed gappedPeak, bed narrowPeak, bedgraph, bgzip, bigwig, bim, bpm, bsc, cel, chp, cram, csv, czi, dat, DICOM, doc, dup, excel, fam, fasta, fastq, fig, flagstat, gct, gff3, gtf, gzip, hdf, hic, html, hyperlink, idat, idx, jpg, json, locs, maf, mat, md, mov, mp4, msf, mtx, nirs, pdf, pdresult, pdstudy, pdview, plink, png, powerpoint, Python script, pzfx, R script, raw, RCC, RLF, RData, recal, rmd, saf, sam, sav, sdf, seg, Sentrix descriptor file, sf3, sif, sqlite, sra, svg, svs, Synapse Table, tab, tagAlign, tar, tbi, tif, tranches, tsv, txt, vcf, wiggle, xml, yaml, zip",,,FALSE,DataProperty,,sage.annotations-sageCommunity.fileFormat-0.0.12,,string,sageCommunity,file
Filename,Name of a file,,,,TRUE,DataProperty,,,,,,file
grant,"Grant number including activity code, institute code, and serial number (e.g. U01MH103392)",,,,FALSE,DataProperty,,sage.annotations-neuro.grant-0.0.2,,string,neuro,ADKP
isModelSystem,,"TRUE, FALSE",,,FALSE,DataProperty,,sage.annotations-neuro.isModelSystem-0.0.2,,boolean,neuro,ADKP
isMultiSpecimen,Boolean flag indicating whether or not a file has data for multiple specimens,"TRUE, FALSE",,,FALSE,DataProperty,,sage.annotations-experimentalData.isMultiSpecimen-0.0.2,,boolean,experimentalData,ADKP
metadataType,"For files of dataSubtype: metadata, a description of the type of metadata in the file.","analytical covariates, assay, biospecimen, data dictionary, ID mapping, individual, manifest, protocol",,,FALSE,DataProperty,,sage.annotations-experimentalData.metadataType-0.0.4,,string,experimentalData,ADKP
resourceType,The type of resource being stored and annotated,"analysis, curatedData, experimentalData, metadata, report, tool",,,TRUE,DataProperty,,sage.annotations-sageCommunity.resourceType-0.0.5,,string,sageCommunity,ADKP
study,Study,"3Dchromatin, ABC-DS, Abeta_microglia, ACOM, ACT, ADAMTS7, ADAtlas_Archive, AD-BXD, AD_ADRD_Exposome, ADMC_ADNI1, ADMC_ADNI2-GO, ADMC_ADNI_BakerLipidomics, ADMC_ADNI_NightingaleNMR, ADMC_ADNI_UHawaiiGutMetabolites, ADMC_UPenn, Aging-PheWAS, APOE4_Myelination, APOEPSC, APOE-TR, Banner, BCM-DMAS, BipSeq, BLSA, BPSD_AD_AnimalStudy_NU, BrainGVEX, BroadAstrom109, BroadiPSC, BroadMDMi, CHDWB, CMC, CMC_HBCC, CMC-PEC, CNON, DiCAD, diseasePseudotime, DukeAD_PTSD, ELPSCRNA, Emory_ADRC, EmoryDrosophilaTau, EpiGABA, EpiMap, eQTLmetaAnalysis, FreshMicro, HBI_scRNAseq, HBTRC, HDAC1-cKOBrain, HumanFC, IL10_APPmouse, IntegrativePathwayAnalysis, iPSC, iPSCAstrocytes, iPSC-HiC, iPSCMicroglia, Jax.IU.Pitt_APP.PS1, Jax.IU.Pitt_Levetiracetam-5XFAD, Jax.IU.Pitt_MicrobiomePilot, Jax.IU.Pitt_PrimaryScreen, Jax.IU.Pitt.Proteomics_Metabolomics_Pilot, Jax.IU.Pitt_StrainValidation, Jax.IU.Pitt_APOE4.Trem2.R47H, Jax.IU.Pitt_Verubecestat_5XFAD, LBP, LillyMicroglia, LLFS, lncRNA Pilot, MayoeGWAS, MayoHippocampus, MayoLOADGWAS, MayoPilotRNAseq, MayoRNAseq, MC-BrAD, MC-CAA, MC_snRNA, MCMPS, MEF2_Resilience, MindPhenomeKB, miR155, MIT_ROSMAP_Multiomics, MOA-PAD, MODEL-AD_5XFAD, MODEL-AD_APOE4_KI, MODEL-AD_Abca7_APOE4_Trem2, MODEL-AD_APOE4_Trem2, MODEL-AD_Ceacam_KO_APOE4_Trem2, MODEL-AD_hAbeta_KI, MODEL-AD_Harmonization, MODEL-AD_hCR1_KI_on_APOE4_Trem2, MODEL-AD_hTau_Trem2, MODEL-AD_Il1rapKO_APOE4_Trem2_exon2KO, MODEL-AD_Mthfr_APOE4_Trem2, MODEL-AD_Rat_F344, MODEL-AD_Trem2_R47H, MouseHAL, MRGWAS, MSBB, MSBB_ArrayTissuePanel, MSDM, MSMM, MSSMiPSC, mtDNA_AD, NAPS, NHP-Macaque, NHP-Chimpanzee, NPS-AD, OFMM, omicsADDS, Organoid_scRNAseq, Plxnb1_KO, RADEL, ROSMAP, ROSMAP_bsSeq, ROSMAP_CellTypeSpecificHA, ROSMAP_CognitiveResilience, ROSMAP-IN, ROSMAP_Lipidomics_Emory, ROSMAP_MammillaryBody, ROSMAP_nucleus_hashing, RNAseq_Harmonization, rnaSeqReprocessing, rnaSeqSampleSwap, ROSMAP-IA, RR_APOE4, scRNAseq_microglia_wild_ADmice, SEA-AD, SMIB-AD, snRNAseqAD_TREM2, StJude_BannerSun, SUNYStrokeModel, SuperAgerEpiMap, SV_xQTL, SWS, SY5Y_Emory, SY5Y_REST, TASTPM, TauD35, TAUAPPms, TS-RNAseq, TWAS, TyrobpKO, TyrobpKO_AppPs1, U1-70_PrimaryCellCulture, UAB_ADRC, UCI_3xTg-AD, UCI_BIN1, UCI_PrimaryScreen, UCI_Microbiome, UCI_Multiomics, UCI_StrainValidation, UCI_Trem2_Cuprizone, UCI_Trem2-R47H_NSS, UCLA-ASD, UCSF_MAC, UFLOR_ABI3_GNGT2, UPenn, VirusResilience_Banner, VirusResilience_iPSC, VirusResilience_LCL, VirusResilience_Mayo.MSBB.ROSMAP, VMC, WallOfTargets, WGS_Harmonization, WGBS Pilot, Yale-ASD",,,TRUE,DataProperty,,sage.annotations-neuro.study-0.0.57,,string,neuro,ADKP
contrastAgent,Substance administered during an imaging procedure that allows delineation of internal structures.,,,,FALSE,DataProperty,,sage.annotations-experimentalData.contrastAgent-0.0.2,,string,experimentalData,imaging
fieldStrength,"The intensity of an electric, magnetic, or other field. Value should include unit of measurement.",,,,FALSE,DataProperty,,sage.annotations-experimentalData.fieldStrength-0.0.2,,string,experimentalData,imaging
MRItype,The type of MRI assay performed.,"DTI, functional, structural",,,FALSE,DataProperty,,sage.annotations-experimentalData.MRItype-0.0.2,,string,experimentalData,imaging
scanID,"The ID of a sample, specimen, or individual in a scan or imaging file.",,,,FALSE,DataProperty,,sage.annotations-experimentalData.scanID-0.0.2,,string,experimentalData,imaging
antibody,An immunoglobulin complex that is secreted into extracellular space and found in mucosal areas or other tissues or circulating in the blood or lymph,,,,FALSE,DataProperty,,sage.annotations-immunoAssays.antibody-0.0.2,,string,immunoAssays,immunoassay
antibodyAmount,Amount of antibody used for an assay,,,,FALSE,DataProperty,,sage.annotations-immunoAssays.antibodyAmount-0.0.2,,number,immunoAssays,immunoassay
antibodyAmountUnits,Units of measure for the amount of antibody used for an assay,,,,FALSE,DataProperty,,sage.annotations-immunoAssays.antibodyAmountUnits-0.0.2,,string,immunoAssays,immunoassay
catalogNumber,"The identifier assigned to a product, usually in the list of products published by a reseller or manufacturer",,,,FALSE,DataProperty,,sage.annotations-immunoAssays.catalogNumber-0.0.2,,string,immunoAssays,immunoassay
individualID,Identifying string linked to the individual or animal being studied,,,,TRUE,DataProperty,,sage.annotations-experimentalData.individualID-0.0.2,,string,experimentalData,individual
individualIdSource,Database or repository to which individual ID maps,"ABN, ABR, ADNI, AIBS, BannerSun, BEB_Miller, Clotomics_PAIKEA_MSSM, DongLab, Einstein, Emory, Geschwind, HBSFRC, HBTRC, JAX, LIBD, LivingBrainProject_MSSM, MayoBrainBank, Mayo Clinic, MSSM, NDRI, Newcastle, NICHD, NIMH-HBCC, Novogenix, NYBB, Oxford, Penn, PGP, Pitt, Pritzker, Rush, Sestan, SMRI, StemExpress, TAA, UCI_TMF, UCSF, UM-BTB, UW-CDL, Vaccarino, XCell Science, Yale, IU",,,FALSE,DataProperty,,sage.annotations-experimentalData.individualIdSource-0.0.17,,string,experimentalData,individual
species,The name of a species (typically a taxonomic group) of organism.,"Human, Mouse, Rat, Drosophila melanogaster, Rhesus macaque, Pan troglodytes, Gallus gallus, Sus scrofa",,,TRUE,DataProperty,,sage.annotations-experimentalData.species-0.0.2,,string,experimentalData,individual
fragmentation,Specifies the mode by which MS2 and MS3 ions are generated,,,,FALSE,DataProperty,,sage.annotations-experimentalData.fragmentation-0.0.2,,string,experimentalData,mass spectrometry
ionMode,"Ionization polarity (positive, negative, polar)",,,,FALSE,DataProperty,,sage.annotations-experimentalData.ionMode-0.0.2,,string,experimentalData,mass spectrometry
multiconsensusStudyFileID,"F-number assigned by Termo Proteome Discoverer software to different batches (plexes) of RAW (direct Thermo mass spectrometer output) files (F01, F02, etc.)",,,,FALSE,DataProperty,,sage.annotations-experimentalData.multiconsensusStudyFileID-0.0.2,,string,experimentalData,mass spectrometry
resolution,Minimum nominal mass-over-charge (m/z) difference detectable,,,,FALSE,DataProperty,,sage.annotations-experimentalData.resolution-0.0.2,,number,experimentalData,mass spectrometry
spectrometerFrequency,The frequency at which a spectrometer causes hydrogen atoms to resonate (in MHz).,,,,FALSE,DataProperty,,sage.annotations-experimentalData.spectrometerFrequency-0.0.2,,number,experimentalData,mass spectrometry
TMTType,Specifies how TMT reporter ions are quantified,,,,FALSE,DataProperty,,sage.annotations-experimentalData.TMTType-0.0.2,,string,experimentalData,mass spectrometry
metaboliteType,Class of metabolite.,"acylcarnitines, acylglycerols, amino acids, ApoA1, ApoE, bile acids, biogenic amines, carbohydrates, catecholamine, ceramides, cholesterol, cofactors and vitamins, drugs, eicosanoids, endocannabinoids, fatty acids, glycerides, glycerolipid, glycerophospholipid, ketones, lipids, lipoproteins, lysophosphatidylcholine, nucleotides, oxylipins, peptides, phosphatidylcholine, phosphatidylethonalamines, phospholipids, plasmalogens, sphingolipids, steroids, sterols, sugars, TCA cycle metabolites, triglycerides, untargeted metabolomics, xenobiotics",,,FALSE,DataProperty,,sage.annotations-experimentalData.metaboliteType-0.0.5,,string,experimentalData,metabolomics
birthID,Identifying string linked to a particular animal,,,,FALSE,DataProperty,,sage.annotations-neuro.birthID-0.0.1,,string,neuro,MODEL-AD
climbID,Identifying string linked to an animal in Climb database,,,,FALSE,DataProperty,,sage.annotations-neuro.climbID-0.0.1,,string,neuro,MODEL-AD
individualCommonGenotype,"Genotype of animal that includes LOAD1 or LOAD2 terminology LOAD1 = APOE4_HOMOZYGOUS; TREM2R47H_HOMOZYGOUS and LOAD2 = APOE4_HOMOZYGOUS; TREM2R47H_HOMOZYGOUS; ABETA_HOMOZYGOUS. LOAD1 is a mouse strain that has two copies of the APOE4 gene and two copies of the Trem2R47H gene. The APOE4 gene is a risk factor for Alzheimer's disease, and the Trem2R47H gene is a modifier of the risk of Alzheimer's disease. LOAD2 is a mouse strain that has two copies of the APOE4 and Trem2R47H genes, as well as two copies of the Abeta gene. The Abeta gene is a protein that is thought to play a role in the development of Alzheimer's disease. Both LOAD1 and LOAD2 mice are more likely develop Alzheimer's disease at a younger age than mice with other genotypes. This makes the LOAD1 and LOAD2 genotypes valuable tools for studying the development and progression of Alzheimer's disease.","LOAD1, LOAD2, LOAD1.ABCA7A1527G, LOAD1.CEACAM1KO, LOAD1.Clasp2L163P, LOAD1.CR1long, LOAD1.Il1rapExon2KO, LOAD1.MthfrC677T, LOAD1.Plcg2M28L, LOAD1.Snx1D465N, 5XFAD, APOE4, Trem247H, Trem2KO, C57BL6J, Trem2R47H_NSS, 5XFADTrem2R47H_NSS, AppAbeta_LoxP, PicalmH458R, Bin1K358R, Abca7V1599M, Spi1rs1377416",,,FALSE,DataProperty,,sage.annotations-neuro.individualCommonGenotype-0.0.5,,string,neuro,MODEL-AD
materialOrigin,Facility where sample was collected,"IU, JAX, Pitt, UCI_TMF",,,FALSE,DataProperty,,sage.annotations-neuro.materialOrigin-0.0.1,,string,neuro,MODEL-AD
matingID,Identifies the animals that were mated to produce the animal in question,,,,FALSE,DataProperty,,sage.annotations-clinical.matingID-0.0.2,,string,clinical,MODEL-AD
microchipID,Identifying string of p-chip implanted in the animal being studied,,,,FALSE,DataProperty,,sage.annotations-neuro.microchipID-0.0.1,,string,neuro,MODEL-AD
officialName,Official JAX Mouse strain nomenclature,,,,FALSE,DataProperty,,sage.annotations-neuro.officialName-0.0.1,,string,neuro,MODEL-AD
room,Room the animal was housed in,,,,FALSE,DataProperty,,sage.annotations-clinical.room-0.0.2,,string,clinical,MODEL-AD
stockNumber,Official JAX Mouse stock number,,,,FALSE,DataProperty,,sage.annotations-neuro.stockNumber-0.0.1,,string,neuro,MODEL-AD
waterpH,pH of water fed to the animal,,,,FALSE,DataProperty,,sage.annotations-neuro.waterpH-0.0.2,,number,neuro,MODEL-AD
bindingDensity,The number of optical features per square micron for each lane. (Definition is from https://www.nanostring.com/wp-content/uploads/2020/12/Gene_Expression_Data_Analysis_Guidelines.pdf),,,,FALSE,DataProperty,,sage.annotations-experimentalData.bindingDensity-0.0.2,,string,experimentalData,nanostring
geneRLF,Reporter Library File (RLF) used to associate gene names with counts specified by the user in the Cartridge Definition File (https://www.genetics.pitt.edu/sites/default/files/pdfs/nCounter_Gene_Expression_Data_Analysis_Guidelines.pdf),,,,FALSE,DataProperty,,sage.annotations-experimentalData.geneRLF-0.0.2,,string,experimentalData,nanostring
bedding,Rodent bedding material,"Alpha-dri, aspen, aspen sanichip, corn cob, pine, sanichip",,,FALSE,DataProperty,,sage.annotations-neuro.bedding-0.0.3,,string,neuro,mouse
dateBirth,Individual date of birth,,,,FALSE,DataProperty,,sage.annotations-demographics.dateBirth-0.0.2,,string,demographics,mouse
dateDeath,Individual date of death,,,,FALSE,DataProperty,,sage.annotations-demographics.dateDeath-0.0.2,,string,demographics,mouse
generation,Rodent generation,,,,FALSE,DataProperty,,sage.annotations-neuro.generation-0.0.1,,string,neuro,mouse
genotype,Genotype common name,,,,FALSE,DataProperty,,sage.annotations-clinical.genotype-0.0.2,,string,clinical,mouse
genotypeBackground,Genetic background of the model,,,,FALSE,DataProperty,,sage.annotations-clinical.genotypeBackground-0.0.2,,string,clinical,mouse
litter,Animal litter,,,,FALSE,DataProperty,,sage.annotations-clinical.litter-0.0.2,,string,clinical,mouse
modelSystemName,,"3xTg-AD, 5XFAD, AB42, Abca7A1527GAPOE4Trem2R47H, Abca7KO, Abca7V1599M_rs117187003, Abi3S209F_Aduci, APOE2KI, APOE3KI, APOE4KI, APOE4Trem2R47H, ApoEKO, APPE693Q, AppKOAPOE4Trem2R47H, APPKM650, APPKM670, APPKM670-671NL-PSEN1deltaexon9, APPPS1, APPS1_Plexin-B1-KO, B6.Clu, B6.Gfap-APOE4, Bin1.B6, Bin1K358R_Aduci, BRI2-AB42, Cd2ap.B6, Ceacam1KO, Clasp2L163PSNP, CRND8, C57BL6J, hAbetaKI, hAPPAPOE4Trem2R47H, hCR1KIAPOE4Trem2, hTau, hTauTrem2, Il1rapKO, Kif21bT82TSNP, MAPT-P301K, Meox2KOHET, MthfrC677TSNP, Mtmr4V297GSNP, PicalmH458R, Plcg2KO, Plcg2M28LSNP, Plexin-B1-KO, rTg4510, Snx1D465NSNP, Sorl1A528TSNP, Spi1rs1377416, TAUPS19, TAUPS19_Plexin-B1-KO, TREM2, Trem2flox, Trem2KO, Trem2R47H, Trem2R47H_NSS, Trem2Y38C, TYROBP, TYROBP_KO.KO, TYROBP_WT, TYROBP_WT.KO",,,FALSE,DataProperty,,sage.annotations-neuro.modelSystemName-0.0.8,,string,neuro,mouse
rodentDiet,Laboratory rodent diet,"4% standard, 6% standard, 7% standard, 45% high-fat diet, 5W80 western diet",,,FALSE,DataProperty,,sage.annotations-neuro.rodentDiet-0.0.1,,string,neuro,mouse
rodentWeight,Weight of animal in grams.,,,,FALSE,DataProperty,,sage.annotations-neuro.rodentWeight-0.0.2,,number,neuro,mouse
chromatinAmount,Amount in ug of chromatin used for an assay,,,,FALSE,DataProperty,,sage.annotations-immunoAssays.chromatinAmount-0.0.2,,number,immunoAssays,sequencing
chromatinAmountUnits,Units of measure for the amount of chromatin used for an assay,,,,FALSE,DataProperty,,sage.annotations-immunoAssays.chromatinAmountUnits-0.0.2,,string,immunoAssays,sequencing
chromosome,A structure composed of a very long molecule of DNA and associated proteins (e.g. histones) that carries hereditary information; number or designation of the particular chromosome that the data is associated with.,"1, 2, 3, 4, 5, 6, 7, 8, 9, 10, 11, 12, 13, 14, 15, 16, 17, 18, 19, 20, 21, 22, X, Y, mitochondrial",,,FALSE,DataProperty,,sage.annotations-experimentalData.chromosome-0.0.4,,string,experimentalData,sequencing
directionalBSseqLibrary,Indicates whether or not the bisulfiteSeq library is directional,"TRUE, FALSE",,,FALSE,DataProperty,,sage.annotations-ngs.directionalBSseqLibrary-0.0.2,,boolean,ngs,sequencing
dnaExtractionMethod,The general strategy by which the DNA was extracted,,,,FALSE,DataProperty,,sage.annotations-ngs.dnaExtractionMethod-0.0.2,,string,ngs,sequencing
DV200,A method to determine the quality of RNA obtained from a sample. DV200 evaluates the percentage of fragments of greater than 200 nucleotides.,,,,FALSE,DataProperty,,sage.annotations-qc.DV200-0.0.1,,number,qc,sequencing
gDNAconc,gDNA Concentration in ng per mL,,,,FALSE,DataProperty,,sage.annotations-experimentalData.gDNAconc-0.0.3,,number,experimentalData,sequencing
GQN,Illumina Genomic Quality Number (gDNA quality score),,,,FALSE,DataProperty,,sage.annotations-qc.GQN-0.0.3,,number,qc,sequencing
isStranded,Whether or not the library is stranded.,"TRUE, FALSE",,,FALSE,DataProperty,,sage.annotations-ngs.isStranded-0.0.2,,boolean,ngs,sequencing
lambdaDNAconc,Lambda DNA spike-in concentration in ng,,,,FALSE,DataProperty,,sage.annotations-experimentalData.lambdaDNAconc-0.0.2,,number,experimentalData,sequencing
libraryID,Library ID as provided by the lab,,,,FALSE,DataProperty,,sage.annotations-ngs.libraryID-0.0.2,,string,ngs,sequencing
libraryPrep,The general strategy by which the library was prepared,"amplicon, cellHashing, Chromium Single Cell 3', DNALibraryConstruction, EndItDNAEndRepairKit, KapaHyperPrep, lncRNAenrichment, methylSeq, miRNAenrichment, multiome, MULTIseq, PCRfree, polyAselection, proximity ligation, rRNAdepletion, snIsoSeq, SPLITseq, STARRSeq, SureCell, totalRNA",,,TRUE,DataProperty,,sage.annotations-ngs.libraryPrep-0.0.13,,string,ngs,sequencing
libraryPreparationMethod,Method by which library was prepared,"10x, Accel-NGS 2S Plus, Accel-NGS Methyl-Seq, CEL-seq, Drop-Seq, NEBNext, NexteraXT, Omni-ATAC, sac-seq, Smart-seq1, Smart-seq2, Smart-seq4, SMRTbell, TruSeq, Ultralow Methyl-Seq",,,FALSE,DataProperty,,sage.annotations-ngs.libraryPreparationMethod-0.0.10,,string,ngs,sequencing
libraryType,"The type of library, in assays where samples are barcoded or hashed for multiplexing or each sample has multiple libraries amplified separately before pooled sequencing.","ADT, cDNA, CMO, HTO, LMO, plasmid DNA",,,FALSE,DataProperty,,sage.annotations-ngs.libraryType-0.0.3,,string,ngs,sequencing
libraryVersion,"Library Version: for example, rnaSeq 10x library version",,,,FALSE,DataProperty,,sage.annotations-ngs.libraryVersion-0.0.2,,string,ngs,sequencing
meanCoverage,Total number of bases covered by ATAC-seq reads/size of genome,,,,FALSE,DataProperty,,sage.annotations-qc.meanCoverage-0.0.2,,number,qc,sequencing
meanGCContent,Mean GC content per sample,,,,FALSE,DataProperty,,sage.annotations-qc.meanGCContent-0.0.2,,number,qc,sequencing
medianGenes,The median number of genes detected (with nonzero UMI counts) across all cell-associated barcodes,,,,FALSE,DataProperty,,sage.annotations-qc.medianGenes-0.0.2,,number,qc,sequencing
medianUMIs,The median number of total Unique Molecular Identifier (UMI) counts across all cell-associated barcodes,,,,FALSE,DataProperty,,sage.annotations-qc.medianUMIs-0.0.2,,number,qc,sequencing
numberCells,Number of cells or nuclei sequenced,,,,FALSE,DataProperty,,sage.annotations-experimentalData.numberCells-0.0.2,,integer,experimentalData,sequencing
pcrCycles,Number of PCR cycles to amplify transposased DNA fragments,,,,FALSE,DataProperty,,sage.annotations-experimentalData.pcrCycles-0.0.2,,integer,experimentalData,sequencing
ratio260over230,Ratio of absorbance at 230 nm and 260 nm. Measures protein or other contaminants. Range up to approximately 2.2.,,,,FALSE,DataProperty,,sage.annotations-qc.ratio260over230-0.0.2,,number,qc,sequencing
ratio260over280,Measure of DNA vs. RNA purity. Range up to approximately 2.0.,,,,FALSE,DataProperty,,sage.annotations-qc.ratio260over280-0.0.2,,number,qc,sequencing
readLength,The length of the read,,,,TRUE,DataProperty,,sage.annotations-ngs.readLength-0.0.2,,string,ngs,sequencing
readStrandOrigin,The strand from which the read originates in a strand-specific protocol,"forward, reverse",,,FALSE,DataProperty,,sage.annotations-ngs.readStrandOrigin-0.0.2,,string,ngs,sequencing
RIN,RNA Integrity Number,,,,FALSE,DataProperty,,sage.annotations-qc.RIN-0.0.2,,number,qc,sequencing
runType,,"singleEnd, pairedEnd",,,TRUE,DataProperty,,sage.annotations-ngs.runType-0.0.2,,string,ngs,sequencing
sampleBarcode,The nucleotide sequence of the sample barcode used to identify cells from a single sample in cell hashing or multiplexing assays.,,,,FALSE,DataProperty,,sage.annotations-ngs.sampleBarcode-0.0.2,,string,ngs,sequencing
totalReads,Total number of sequencing reads from a library,,,,FALSE,DataProperty,,sage.annotations-experimentalData.totalReads-0.0.2,,number,experimentalData,sequencing
validBarcodeReads,Fraction of reads with cell barcodes that match the whitelist,,,,FALSE,DataProperty,,sage.annotations-qc.validBarcodeReads-0.0.2,,number,qc,sequencing
validHiCContacts,Percentage of reads as valid Hi-C interactions (QC metric),,,,FALSE,DataProperty,,sage.annotations-qc.validHiCContacts-0.0.2,,number,qc,sequencing
assay_16SrRNAseq_metadata_template,SysBio 16SrRNAseq metadata template schema,,"Component, specimenID, assay, platform, dnaBatch, dnaExtractionMethod, libraryBatch, sequencingBatch, libraryPrep, readLength, runType, assayTarget",,FALSE,DataType,,sysbio.metadataTemplates-assay.sixteenSrRNAseq,,,,template
assay_ATACSeq_metadata_template,SysBio ATACseq metadata template schema,,"Component, specimenID, libraryID, assay, platform, referenceSet, transposaseBatch, libraryBatch, libraryPreparationMethod, pcrCycles, sequencingBatch, isStranded, readStrandOrigin, readLength, runType, meanCoverage, meanGCContent",,FALSE,DataType,,sysbio.metadataTemplates-assay.ATACSeq,,,,template
assay_autorad_metadata_template,SysBio autoradiography metadata template schema,,"Component, individualID, scanID, filename, platform, ageAssessment, ageAssessmentUnits",,FALSE,DataType,,sysbio.metadataTemplates-assay.autorad,,,,template
assay_bisulfiteSeq_metadata_template,SysBio bisulfiteSeq (aka WGBS) metadata template schema,,"Component, specimenID, libraryID, assay, platform, referenceSet, dnaBatch, libraryBatch, sequencingBatch, libraryPrep, libraryPreparationMethod, isStranded, readStrandOrigin, readLength, runType, totalReads, directionalBSseqLibrary, gDNAconc, lambdaDNAconc, pcrCycles, meanCoverage",,FALSE,DataType,,sysbio.metadataTemplates-assay.bisulfiteSeq,,,,template
assay_ChIPSeq_metadata_template,SysBio ChIPSeq metadata template schema,,"Component, specimenID, libraryID, assay, platform, referenceSet, libraryBatch, libraryPreparationMethod, sequencingBatch, assayTarget, antibody, vendor, catalogNumber, lotNumber, antibodyAmount, antibodyAmountUnits, chromatinAmount, chromatinAmountUnits, isStranded, readStrandOrigin, readLength, runType, totalReads",,FALSE,DataType,,sysbio.metadataTemplates-assay.ChIPSeq,,,,template
assay_HIC_metadata_template,SysBio HI-C metadata template schema,,"Component, specimenID, libraryID, assay, platform, referenceSet, libraryBatch, libraryPrep, libraryPreparationMethod, pcrCycles, sequencingBatch, readLength, runType, totalReads, validHiCContacts",,FALSE,DataType,,sysbio.metadataTemplates-assay.HIC,,,,template
assay_metabolomics_metadata_template,SysBio metabolomics metadata template schema,,"Component, specimenID, assay, batch, platform, platformLocation, ionMode, metaboliteType, batchSize, controlType, softwareName, spectrometerFrequency",,FALSE,DataType,,sysbio.metadataTemplates-assay.metabolomics,,,,template
assay_methylationArray_metadata_template,SysBio methylationArray metadata template schema,,"Component, specimenID, assay, platform, dnaBatch, arrayBatch, ratio260over280, ratio260over230, GQN, SentrixID, SentrixRowColumn",,FALSE,DataType,,sysbio.metadataTemplates-assay.methylationArray,,,,template
assay_MRI_metadata_template,SysBio MRI metadata template schema,,"Component, individualID, scanID, platform, MRItype, fieldStrength, filename, contrastAgent, ageAssessment, ageAssessmentUnits",,FALSE,DataType,,sysbio.metadataTemplates-assay.MRI,,,,template
assay_nanostring_metadata_template,SysBio nanostring metadata template schema,,"Component, specimenID, assay, platform, RIN, rnaBatch, libraryBatch, nanostringBatch, libraryPrep, libraryPreparationMethod, geneRLF, bindingDensity",,FALSE,DataType,,sysbio.metadataTemplates-assay.nanostring,,,,template
assay_PET_metadata_template,SysBio PET metadata template schema,,"Component, individualID, scanID, ligand, filename, platform, ageAssessment, ageAssessmentUnits",,FALSE,DataType,,sysbio.metadataTemplates-assay.PET,,,,template
assay_rnaArray_metadata_template,SysBio rnaArray metadata template schema,,"Component, specimenID, assay, RIN, platform, rnaBatch, arrayBatch",,FALSE,DataType,,sysbio.metadataTemplates-assay.rnaArray,,,,template
assay_rnaSeq_metadata_template,SysBio rnaSeq metadata template schema,,"Component, specimenID, libraryID, assay, platform, RIN, referenceSet, rnaBatch, libraryBatch, sequencingBatch, libraryPrep, libraryPreparationMethod, libraryVersion, isStranded, readStrandOrigin, readLength, runType, totalReads, validBarcodeReads, DV200",,FALSE,DataType,,sysbio.metadataTemplates-assay.rnaSeq,,,,template
assay_scrnaSeq_metadata_template,SysBio scrnaSeq metadata template schema,,"Component, specimenID, libraryID, assay, platform, sampleBarcode, RIN, referenceSet, rnaBatch, libraryBatch, sequencingBatch, libraryPrep, libraryPreparationMethod, libraryVersion, libraryType, isStranded, readStrandOrigin, readLength, runType, totalReads, validBarcodeReads, numberCells, medianGenes, medianUMIs",,FALSE,DataType,,sysbio.metadataTemplates-assay.scrnaSeq,,,,template
assay_snpArray_metadata_template,SysBio snpArray metadata template schema,,"Component, specimenID, assay, platform, dnaBatch, arrayBatch, ratio260over280, ratio260over230, GQN",,FALSE,DataType,,sysbio.metadataTemplates-assay.snpArray,,,,template
assay_STARRSeq_metadata_template,SysBio STARRSeq metadata template schema,,"Component, specimenID, libraryID, assay, platform, RIN, dnaBatch, referenceSet, rnaBatch, libraryBatch, sequencingBatch, libraryPrep, libraryPreparationMethod, libraryVersion, isStranded, readStrandOrigin, readLength, runType, totalReads, validBarcodeReads, numberCells, medianGenes, medianUMIs, ratio260over280, ratio260over230, GQN",,FALSE,DataType,,sysbio.metadataTemplates-assay.STARRSeq,,,,template
assay_TMTquantitation_metadata_template,SysBio TMTquantitation (aka proteomics) metadata template schema,,"Component, specimenID, assay, platform, controlType, batch, batchChannel, TMTType, fragmentation, resolution, multiconsensusStudyFileID",,FALSE,DataType,,sysbio.metadataTemplates-assay.TMTquantitation,,,,template
assay_wholeExomeSeq_metadata_template,SysBio wholeExomeSeq metadata template schema,,"Component, specimenID, libraryID, assay, platform, referenceSet, dnaBatch, sequencingBatch, libraryPrep, libraryPreparationMethod, readLength, runType, totalReads, ratio260over280, ratio260over230, GQN",,FALSE,DataType,,sysbio.metadataTemplates-assay.wholeExomeSeq,,,,template
assay_wholeGenomeSeq_metadata_template,SysBio wholeGenomeSeq (aka WGS) metadata template schema,,"Component, specimenID, libraryID, assay, platform, referenceSet, dnaBatch, sequencingBatch, libraryPrep, libraryPreparationMethod, readLength, runType, totalReads, numberCells, ratio260over280, ratio260over230, GQN",,FALSE,DataType,,sysbio.metadataTemplates-assay.wholeGenomeSeq,,,,template
biospecimen_drosophila_metadata_template,SysBio drosophila biospecimen metadata template schema,,"Component, specimenID, bodyPart, tissueWeight, nucleicAcidSource, genotype, ageDays, nIndividuals, nMale, nFemale, temperature",,FALSE,DataType,,sysbio.metadataTemplates-biospecimen.drosophila,,,,template
biospecimen_invitro_metadata_template,SysBio in vitro biospecimen metadata template schema,,"Component, individualID, specimenID, specimenIdSource, modelSystemType, sourceCell, cellType, reprogrammingMethod, differentiationMethod, passage, terminalDifferentiationPoint, samplingAge, samplingAgeUnits, treatmentType, nucleicAcidSource, assay",,FALSE,DataType,,sysbio.metadataTemplates-biospecimen.invitro,,,,template
biospecimen_metadata_template,SysBio AD biospecimen metadata template schema,,"Component, individualID, specimenID, specimenIdSource, organ, tissue, isPostMortem, BrodmannArea, nucleicAcidSource, cellType, samplingAge, samplingAgeUnits, sampleStatus, fastingState, visitNumber, assay",,FALSE,DataType,,sysbio.metadataTemplates-ad.biospecimen,,,,template
file_annotation_template,AD file annotation template schema,,"Component, Filename, individualID, specimenID, isMultiSpecimen, assay, fileFormat, consortium, study, grant, resourceType, DataType, dataSubtype, metadataType, analysisType, isModelSystem, chromosome",,FALSE,DataType,,sysbio.metadataTemplates-ad.manifest,,,,template
individual_animal_metadata_template,SysBio individual animal metadata template schema,,"Component, individualID, individualIdSource, species, sexChromosome, dateBirth, dateDeath, sex, genotype, genotypeBackground, room, litter, matingID, treatmentDose, modelSystemName",,FALSE,DataType,,sysbio.metadataTemplates-individual.animal,,,,template
individual_animal_modelad_metadata_template,individual animal metadata template schema for MODEL-AD Consortium,,"Component, individualID, climbID, microchipID, birthID, matingID, individualIdSource, materialOrigin, sex, species, generation, dateBirth, ageDeath, ageDeathUnits, brainWeight, rodentWeight, rodentDiet, bedding, room, waterpH, treatmentDose, treatmentType, stockNumber, genotype, genotypeBackground, individualCommonGenotype, modelSystemName, officialName",,FALSE,DataType,,sysbio.metadataTemplates-modelad.individual.animal,,,,template
individual_human_metadata_template,SysBio AD individual human metadata template schema,,"Component, individualID, individualIdSource, species, sex, race, ethnicity, yearsEducation, apoeGenotype, diagnosis, diagnosisCriteria, ageDeath, ageDeathUnits, causeDeath, mannerDeath, PMI, Braak, CERAD, brainWeight, pH",,FALSE,DataType,,sysbio.metadataTemplates-ad.individual.human,,,,template
softwareName,,,,,FALSE,DataProperty,,sage.annotations-tool.softwareName-0.0.2,,string,tool,analysis